pulocationid,trip_quantity,pickup_lat,pickup_lon
1,50,40.689514,-74.17679
10,2201,40.678123,-73.791664
100,138614,40.753513,-73.988785
101,63,40.74372,-73.70907
102,97,40.70268,-73.881996
105,14,40.688137,-74.01879
106,633,40.673363,-73.99176
107,135130,40.737347,-73.98331
108,67,40.58911,-73.98038
109,6,40.548832,-74.15272
11,58,40.603977,-74.01061
111,10,40.652115,-73.99099
112,1482,40.728832,-73.94847
113,90609,40.732487,-73.99463
114,72074,40.72861,-73.99868
115,7,40.62013,-74.09248
116,7542,40.827534,-73.947365
117,54,40.596054,-73.776085
118,28,40.585632,-74.13707
119,265,40.83673,-73.92696
12,4274,40.702488,-74.01549
120,32,40.846004,-73.93081
121,165,40.72735,-73.79969
122,53,40.711067,-73.761566
123,166,40.600204,-73.965195
124,130,40.659565,-73.850006
125,33233,40.725376,-74.00718
126,100,40.81392,-73.88498
127,574,40.865063,-73.92033
128,37,40.87219,-73.92543
129,3157,40.759056,-73.887405
13,58678,40.711613,-74.01612
130,1138,40.703274,-73.80035
131,138,40.720413,-73.77138
132,218138,40.642605,-73.77827
133,241,40.63939,-73.974335
134,447,40.70875,-73.829994
135,241,40.72941,-73.82398
136,174,40.864803,-73.90572
137,73269,40.74036,-73.97712
138,157970,40.774868,-73.8728
139,96,40.67775,-73.743324
14,314,40.623585,-74.03045
140,107184,40.765507,-73.95457
141,136377,40.766838,-73.95971
142,167776,40.773907,-73.98135
143,63462,40.775772,-73.987976
144,59755,40.72058,-73.997406
145,5477,40.74659,-73.9487
146,5845,40.754528,-73.93363
147,109,40.8192,-73.89819
148,71844,40.71921,-73.990715
149,173,40.60656,-73.94847
15,66,40.78522,-73.78797
150,52,40.58026,-73.94289
151,51606,40.797867,-73.96781
152,6317,40.817577,-73.95432
153,71,40.8756,-73.911064
154,24,40.59312,-73.896126
155,252,40.61779,-73.90677
156,4,40.62875,-74.164856
157,519,40.72404,-73.901924
158,62941,40.73525,-74.008385
159,497,40.81826,-73.91358
16,92,40.761208,-73.77167
160,129,40.718502,-73.880714
161,261713,40.75823,-73.97743
162,233904,40.756817,-73.972145
163,162312,40.764427,-73.97837
164,148175,40.748806,-73.98593
165,246,40.62096,-73.954605
166,29730,40.80957,-73.961815
167,185,40.827988,-73.90444
168,1149,40.807438,-73.91706
169,192,40.849113,-73.90502
17,852,40.691994,-73.94918
170,203049,40.747654,-73.976944
171,115,40.768944,-73.80888
172,5,40.572464,-74.10393
173,218,40.751778,-73.86308
174,150,40.876854,-73.87776
175,46,40.743275,-73.757355
176,3,40.56206,-74.11961
177,258,40.677097,-73.9111
178,62,40.617634,-73.97069
179,3203,40.771427,-73.92681
18,142,40.868763,-73.886925
180,89,40.675163,-73.849365
181,4197,40.67202,-73.97904
182,167,40.837406,-73.85794
183,29,40.849567,-73.831856
184,14,40.864784,-73.80461
185,129,40.85347,-73.85518
186,234343,40.748478,-73.992455
187,5,40.625454,-74.14115
188,871,40.65756,-73.9452
189,971,40.67718,-73.96827
19,58,40.736473,-73.72787
190,209,40.660606,-73.97095
191,119,40.71428,-73.74112
192,83,40.74441,-73.81519
193,2355,40.761723,-73.940285
194,410,40.79143,-73.92103
195,479,40.67546,-74.00955
196,706,40.723648,-73.86401
197,388,40.693,-73.82904
198,185,40.70452,-73.90199
199,1,40.792046,-73.88354
2,12,40.625725,-73.826126
20,92,40.857773,-73.88603
200,74,40.89986,-73.90646
201,13,40.57747,-73.847244
202,214,40.76117,-73.95041
203,95,40.6595,-73.73672
204,0,40.54074,-74.20697
205,262,40.69222,-73.76262
206,9,40.63596,-74.12316
207,62,40.76351,-73.89932
208,107,40.824688,-73.82489
209,14130,40.70849,-74.00236
21,109,40.60205,-73.9813
210,168,40.59376,-73.944336
211,46798,40.7239,-74.00137
212,101,40.828278,-73.8699
213,262,40.81649,-73.860794
214,6,40.58662,-74.085884
215,889,40.69419,-73.79037
216,644,40.67707,-73.82051
217,288,40.70325,-73.95685
218,195,40.67362,-73.77212
219,412,40.66023,-73.76101
22,180,40.609627,-73.99429
220,206,40.8819,-73.91188
221,5,40.620224,-74.08134
222,156,40.646873,-73.88214
223,3128,40.778194,-73.90667
224,11893,40.731728,-73.977844
225,589,40.688786,-73.93144
226,9104,40.735275,-73.92932
227,147,40.641598,-74.0068
228,431,40.653618,-74.009964
229,116430,40.756588,-73.96517
23,35,40.607506,-74.15945
230,217547,40.759846,-73.98418
231,100122,40.718697,-74.006714
232,7782,40.715385,-73.98231
233,88618,40.749172,-73.97125
234,182888,40.740314,-73.99048
235,239,40.853504,-73.91497
236,206248,40.78049,-73.95697
237,238017,40.768543,-73.96569
238,111056,40.791767,-73.97282
239,148332,40.784107,-73.97827
24,17170,40.802032,-73.96557
240,17,40.894745,-73.87907
241,129,40.875977,-73.896454
242,239,40.849598,-73.83988
243,1045,40.85867,-73.93282
244,6759,40.841217,-73.941666
245,4,40.62848,-74.10317
246,102572,40.752438,-74.00451
247,1005,40.829212,-73.92506
248,141,40.83468,-73.87101
249,110122,40.73461,-74.002495
25,4626,40.685616,-73.98646
250,146,40.83249,-73.84948
251,6,40.619606,-74.12324
252,70,40.78836,-73.81539
253,14,40.760086,-73.84148
254,175,40.883224,-73.85827
255,4295,40.718834,-73.95713
256,3290,40.710976,-73.95911
257,179,40.653664,-73.97724
258,126,40.690125,-73.856636
259,73,40.8991,-73.85635
26,310,40.628613,-73.98956
260,3263,40.7468,-73.90372
261,39010,40.708977,-74.01292
262,65674,40.776535,-73.94583
263,104172,40.778496,-73.95121
27,11,40.55895,-73.90978
28,788,40.710854,-73.80733
29,114,40.582195,-73.96058
3,104,40.865887,-73.84948
30,2,40.604874,-73.8201
31,20,40.85992,-73.875725
32,115,40.864452,-73.864624
33,5391,40.69624,-73.99533
34,125,40.70256,-73.9677
35,409,40.66381,-73.91248
36,426,40.699085,-73.916565
37,782,40.696266,-73.92595
38,95,40.693295,-73.73555
39,449,40.638878,-73.89977
4,8986,40.72415,-73.97702
40,2350,40.678505,-73.99582
41,22738,40.804203,-73.952065
42,10241,40.821045,-73.939514
43,99129,40.78246,-73.96557
44,39,40.527298,-74.229546
45,12788,40.71306,-73.99825
46,14,40.8475,-73.78648
47,177,40.845757,-73.89693
48,195848,40.762238,-73.98985
49,1229,40.688515,-73.964935
5,36,40.55034,-74.189926
50,53841,40.766693,-73.9939
51,218,40.87406,-73.83042
52,2664,40.686604,-73.996925
53,71,40.781986,-73.84407
54,166,40.686993,-74.00309
55,180,40.5769,-73.99047
56,578,40.7416,-73.859055
57,14,40.752316,-73.853386
58,17,40.841476,-73.8207
59,7,40.83886,-73.893074
6,10,40.599064,-74.06777
60,92,40.831295,-73.889786
61,1298,40.673843,-73.941284
62,379,40.66709,-73.94927
63,138,40.68481,-73.87768
64,37,40.76063,-73.73139
65,7111,40.695374,-73.98557
66,2866,40.701733,-73.98638
67,76,40.618454,-74.01473
68,147357,40.748398,-73.99994
69,491,40.83061,-73.91537
7,8627,40.761086,-73.92149
70,718,40.763947,-73.8684
71,314,40.64393,-73.93774
72,304,40.652462,-73.92021
73,25,40.753696,-73.80659
74,23745,40.805565,-73.93831
75,43327,40.79065,-73.944954
76,737,40.658688,-73.87842
77,155,40.6677,-73.89571
78,170,40.84603,-73.88664
79,143716,40.727943,-73.985214
8,94,40.778606,-73.9232
80,1868,40.71447,-73.94233
81,100,40.877357,-73.845535
82,2127,40.738464,-73.872345
83,591,40.740147,-73.88922
84,5,40.532017,-74.173935
85,235,40.647255,-73.95221
86,64,40.602554,-73.75419
87,47066,40.70666,-74.00781
88,24709,40.703392,-74.01131
89,670,40.640984,-73.96269
9,63,40.75441,-73.78802
90,104221,40.742546,-73.99678
91,329,40.62739,-73.93254
92,306,40.764126,-73.830444
93,1788,40.739235,-73.841896
94,66,40.85826,-73.90059
95,904,40.723465,-73.84822
96,19,40.695763,-73.876015
97,4331,40.690617,-73.97558
98,70,40.73384,-73.77955
99,1,40.579617,-74.187706
1,50,40.689514,-74.17679
10,1928,40.678123,-73.791664
100,137486,40.753513,-73.988785
101,36,40.74372,-73.70907
102,94,40.70268,-73.881996
105,8,40.688137,-74.01879
106,580,40.673363,-73.99176
107,129616,40.737347,-73.98331
108,26,40.58911,-73.98038
109,7,40.548832,-74.15272
11,63,40.603977,-74.01061
111,8,40.652115,-73.99099
112,1484,40.728832,-73.94847
113,86284,40.732487,-73.99463
114,72855,40.72861,-73.99868
115,5,40.62013,-74.09248
116,6507,40.827534,-73.947365
117,25,40.596054,-73.776085
118,30,40.585632,-74.13707
119,240,40.83673,-73.92696
12,4127,40.702488,-74.01549
120,35,40.846004,-73.93081
121,115,40.72735,-73.79969
122,35,40.711067,-73.761566
123,128,40.600204,-73.965195
124,88,40.659565,-73.850006
125,32922,40.725376,-74.00718
126,83,40.81392,-73.88498
127,495,40.865063,-73.92033
128,38,40.87219,-73.92543
129,3076,40.759056,-73.887405
13,55524,40.711613,-74.01612
130,957,40.703274,-73.80035
131,90,40.720413,-73.77138
132,220679,40.642605,-73.77827
133,198,40.63939,-73.974335
134,401,40.70875,-73.829994
135,237,40.72941,-73.82398
136,175,40.864803,-73.90572
137,68656,40.74036,-73.97712
138,162591,40.774868,-73.8728
139,65,40.67775,-73.743324
14,292,40.623585,-74.03045
140,100645,40.765507,-73.95457
141,128801,40.766838,-73.95971
142,153028,40.773907,-73.98135
143,62499,40.775772,-73.987976
144,60435,40.72058,-73.997406
145,5426,40.74659,-73.9487
146,5533,40.754528,-73.93363
147,78,40.8192,-73.89819
148,73762,40.71921,-73.990715
149,123,40.60656,-73.94847
15,52,40.78522,-73.78797
150,55,40.58026,-73.94289
151,48412,40.797867,-73.96781
152,5758,40.817577,-73.95432
153,74,40.8756,-73.911064
154,23,40.59312,-73.896126
155,155,40.61779,-73.90677
156,1,40.62875,-74.164856
157,479,40.72404,-73.901924
158,62764,40.73525,-74.008385
159,444,40.81826,-73.91358
16,75,40.761208,-73.77167
160,100,40.718502,-73.880714
161,247232,40.75823,-73.97743
162,217865,40.756817,-73.972145
163,152083,40.764427,-73.97837
164,145784,40.748806,-73.98593
165,207,40.62096,-73.954605
166,26846,40.80957,-73.961815
167,168,40.827988,-73.90444
168,954,40.807438,-73.91706
169,160,40.849113,-73.90502
17,775,40.691994,-73.94918
170,193686,40.747654,-73.976944
171,94,40.768944,-73.80888
172,1,40.572464,-74.10393
173,174,40.751778,-73.86308
174,132,40.876854,-73.87776
175,34,40.743275,-73.757355
176,1,40.56206,-74.11961
177,217,40.677097,-73.9111
178,65,40.617634,-73.97069
179,2805,40.771427,-73.92681
18,116,40.868763,-73.886925
180,63,40.675163,-73.849365
181,3769,40.67202,-73.97904
182,119,40.837406,-73.85794
183,39,40.849567,-73.831856
184,5,40.864784,-73.80461
185,96,40.85347,-73.85518
186,235543,40.748478,-73.992455
187,1,40.625454,-74.14115
188,683,40.65756,-73.9452
189,961,40.67718,-73.96827
19,44,40.736473,-73.72787
190,177,40.660606,-73.97095
191,90,40.71428,-73.74112
192,70,40.74441,-73.81519
193,2240,40.761723,-73.940285
194,428,40.79143,-73.92103
195,340,40.67546,-74.00955
196,590,40.723648,-73.86401
197,281,40.693,-73.82904
198,160,40.70452,-73.90199
199,0,40.792046,-73.88354
2,5,40.625725,-73.826126
20,70,40.857773,-73.88603
200,61,40.89986,-73.90646
201,9,40.57747,-73.847244
202,192,40.76117,-73.95041
203,54,40.6595,-73.73672
204,0,40.54074,-74.20697
205,174,40.69222,-73.76262
206,2,40.63596,-74.12316
207,72,40.76351,-73.89932
208,79,40.824688,-73.82489
209,14605,40.70849,-74.00236
21,90,40.60205,-73.9813
210,91,40.59376,-73.944336
211,46864,40.7239,-74.00137
212,94,40.828278,-73.8699
213,189,40.81649,-73.860794
214,6,40.58662,-74.085884
215,801,40.69419,-73.79037
216,502,40.67707,-73.82051
217,246,40.70325,-73.95685
218,120,40.67362,-73.77212
219,405,40.66023,-73.76101
22,130,40.609627,-73.99429
220,182,40.8819,-73.91188
221,2,40.620224,-74.08134
222,123,40.646873,-73.88214
223,2894,40.778194,-73.90667
224,11434,40.731728,-73.977844
225,485,40.688786,-73.93144
226,8309,40.735275,-73.92932
227,72,40.641598,-74.0068
228,350,40.653618,-74.009964
229,108936,40.756588,-73.96517
23,36,40.607506,-74.15945
230,209055,40.759846,-73.98418
231,94770,40.718697,-74.006714
232,7922,40.715385,-73.98231
233,80554,40.749172,-73.97125
234,177929,40.740314,-73.99048
235,207,40.853504,-73.91497
236,183493,40.78049,-73.95697
237,215222,40.768543,-73.96569
238,104218,40.791767,-73.97282
239,136665,40.784107,-73.97827
24,16436,40.802032,-73.96557
240,15,40.894745,-73.87907
241,87,40.875977,-73.896454
242,190,40.849598,-73.83988
243,852,40.85867,-73.93282
244,5699,40.841217,-73.941666
245,5,40.62848,-74.10317
246,106242,40.752438,-74.00451
247,896,40.829212,-73.92506
248,101,40.83468,-73.87101
249,112815,40.73461,-74.002495
25,4018,40.685616,-73.98646
250,106,40.83249,-73.84948
251,7,40.619606,-74.12324
252,63,40.78836,-73.81539
253,24,40.760086,-73.84148
254,151,40.883224,-73.85827
255,3951,40.718834,-73.95713
256,3268,40.710976,-73.95911
257,165,40.653664,-73.97724
258,106,40.690125,-73.856636
259,56,40.8991,-73.85635
26,229,40.628613,-73.98956
260,3040,40.7468,-73.90372
261,38743,40.708977,-74.01292
262,63267,40.776535,-73.94583
263,98742,40.778496,-73.95121
27,14,40.55895,-73.90978
28,822,40.710854,-73.80733
29,69,40.582195,-73.96058
3,75,40.865887,-73.84948
30,1,40.604874,-73.8201
31,33,40.85992,-73.875725
32,110,40.864452,-73.864624
33,5152,40.69624,-73.99533
34,102,40.70256,-73.9677
35,289,40.66381,-73.91248
36,475,40.699085,-73.916565
37,704,40.696266,-73.92595
38,63,40.693295,-73.73555
39,298,40.638878,-73.89977
4,8371,40.72415,-73.97702
40,2069,40.678505,-73.99582
41,22689,40.804203,-73.952065
42,10267,40.821045,-73.939514
43,90436,40.78246,-73.96557
44,33,40.527298,-74.229546
45,12025,40.71306,-73.99825
46,7,40.8475,-73.78648
47,181,40.845757,-73.89693
48,191029,40.762238,-73.98985
49,1039,40.688515,-73.964935
5,32,40.55034,-74.189926
50,51771,40.766693,-73.9939
51,167,40.87406,-73.83042
52,2625,40.686604,-73.996925
53,63,40.781986,-73.84407
54,137,40.686993,-74.00309
55,109,40.5769,-73.99047
56,519,40.7416,-73.859055
57,19,40.752316,-73.853386
58,16,40.841476,-73.8207
59,10,40.83886,-73.893074
6,4,40.599064,-74.06777
60,69,40.831295,-73.889786
61,983,40.673843,-73.941284
62,282,40.66709,-73.94927
63,97,40.68481,-73.87768
64,27,40.76063,-73.73139
65,6615,40.695374,-73.98557
66,3053,40.701733,-73.98638
67,44,40.618454,-74.01473
68,144988,40.748398,-73.99994
69,424,40.83061,-73.91537
7,7864,40.761086,-73.92149
70,740,40.763947,-73.8684
71,232,40.64393,-73.93774
72,224,40.652462,-73.92021
73,18,40.753696,-73.80659
74,22868,40.805565,-73.93831
75,40710,40.79065,-73.944954
76,574,40.658688,-73.87842
77,119,40.6677,-73.89571
78,137,40.84603,-73.88664
79,143936,40.727943,-73.985214
8,108,40.778606,-73.9232
80,1721,40.71447,-73.94233
81,108,40.877357,-73.845535
82,1975,40.738464,-73.872345
83,569,40.740147,-73.88922
84,1,40.532017,-74.173935
85,164,40.647255,-73.95221
86,46,40.602554,-73.75419
87,46381,40.70666,-74.00781
88,24710,40.703392,-74.01131
89,530,40.640984,-73.96269
9,37,40.75441,-73.78802
90,103915,40.742546,-73.99678
91,206,40.62739,-73.93254
92,279,40.764126,-73.830444
93,2839,40.739235,-73.841896
94,63,40.85826,-73.90059
95,782,40.723465,-73.84822
96,12,40.695763,-73.876015
97,4128,40.690617,-73.97558
98,46,40.73384,-73.77955
99,1,40.579617,-74.187706
1,47,40.689514,-74.17679
10,2141,40.678123,-73.791664
100,128786,40.753513,-73.988785
101,34,40.74372,-73.70907
102,78,40.70268,-73.881996
105,11,40.688137,-74.01879
106,600,40.673363,-73.99176
107,139914,40.737347,-73.98331
108,52,40.58911,-73.98038
109,3,40.548832,-74.15272
11,66,40.603977,-74.01061
111,10,40.652115,-73.99099
112,1672,40.728832,-73.94847
113,96621,40.732487,-73.99463
114,84373,40.72861,-73.99868
115,3,40.62013,-74.09248
116,6409,40.827534,-73.947365
117,21,40.596054,-73.776085
118,36,40.585632,-74.13707
119,206,40.83673,-73.92696
12,2964,40.702488,-74.01549
120,24,40.846004,-73.93081
121,113,40.72735,-73.79969
122,35,40.711067,-73.761566
123,135,40.600204,-73.965195
124,89,40.659565,-73.850006
125,36789,40.725376,-74.00718
126,61,40.81392,-73.88498
127,500,40.865063,-73.92033
128,37,40.87219,-73.92543
129,2873,40.759056,-73.887405
13,58184,40.711613,-74.01612
130,1029,40.703274,-73.80035
131,91,40.720413,-73.77138
132,221697,40.642605,-73.77827
133,236,40.63939,-73.974335
134,404,40.70875,-73.829994
135,219,40.72941,-73.82398
136,154,40.864803,-73.90572
137,69218,40.74036,-73.97712
138,156168,40.774868,-73.8728
139,57,40.67775,-73.743324
14,270,40.623585,-74.03045
140,109787,40.765507,-73.95457
141,143523,40.766838,-73.95971
142,186621,40.773907,-73.98135
143,73897,40.775772,-73.987976
144,67546,40.72058,-73.997406
145,5252,40.74659,-73.9487
146,4987,40.754528,-73.93363
147,82,40.8192,-73.89819
148,82694,40.71921,-73.990715
149,123,40.60656,-73.94847
15,48,40.78522,-73.78797
150,71,40.58026,-73.94289
151,54580,40.797867,-73.96781
152,5440,40.817577,-73.95432
153,82,40.8756,-73.911064
154,31,40.59312,-73.896126
155,148,40.61779,-73.90677
156,3,40.62875,-74.164856
157,569,40.72404,-73.901924
158,70245,40.73525,-74.008385
159,378,40.81826,-73.91358
16,65,40.761208,-73.77167
160,114,40.718502,-73.880714
161,236769,40.75823,-73.97743
162,220579,40.756817,-73.972145
163,158509,40.764427,-73.97837
164,146390,40.748806,-73.98593
165,218,40.62096,-73.954605
166,32366,40.80957,-73.961815
167,177,40.827988,-73.90444
168,1023,40.807438,-73.91706
169,136,40.849113,-73.90502
17,858,40.691994,-73.94918
170,192957,40.747654,-73.976944
171,106,40.768944,-73.80888
172,1,40.572464,-74.10393
173,174,40.751778,-73.86308
174,120,40.876854,-73.87776
175,44,40.743275,-73.757355
176,0,40.56206,-74.11961
177,232,40.677097,-73.9111
178,59,40.617634,-73.97069
179,2812,40.771427,-73.92681
18,77,40.868763,-73.886925
180,79,40.675163,-73.849365
181,4228,40.67202,-73.97904
182,114,40.837406,-73.85794
183,32,40.849567,-73.831856
184,4,40.864784,-73.80461
185,110,40.85347,-73.85518
186,233361,40.748478,-73.992455
187,0,40.625454,-74.14115
188,678,40.65756,-73.9452
189,908,40.67718,-73.96827
19,40,40.736473,-73.72787
190,220,40.660606,-73.97095
191,99,40.71428,-73.74112
192,63,40.74441,-73.81519
193,2149,40.761723,-73.940285
194,447,40.79143,-73.92103
195,555,40.67546,-74.00955
196,565,40.723648,-73.86401
197,313,40.693,-73.82904
198,158,40.70452,-73.90199
199,7,40.792046,-73.88354
2,2,40.625725,-73.826126
20,72,40.857773,-73.88603
200,86,40.89986,-73.90646
201,12,40.57747,-73.847244
202,186,40.76117,-73.95041
203,42,40.6595,-73.73672
204,0,40.54074,-74.20697
205,149,40.69222,-73.76262
206,4,40.63596,-74.12316
207,50,40.76351,-73.89932
208,70,40.824688,-73.82489
209,14438,40.70849,-74.00236
21,112,40.60205,-73.9813
210,136,40.59376,-73.944336
211,53514,40.7239,-74.00137
212,98,40.828278,-73.8699
213,183,40.81649,-73.860794
214,3,40.58662,-74.085884
215,819,40.69419,-73.79037
216,546,40.67707,-73.82051
217,348,40.70325,-73.95685
218,126,40.67362,-73.77212
219,390,40.66023,-73.76101
22,127,40.609627,-73.99429
220,160,40.8819,-73.91188
221,4,40.620224,-74.08134
222,115,40.646873,-73.88214
223,3017,40.778194,-73.90667
224,11643,40.731728,-73.977844
225,541,40.688786,-73.93144
226,7765,40.735275,-73.92932
227,81,40.641598,-74.0068
228,429,40.653618,-74.009964
229,116555,40.756588,-73.96517
23,49,40.607506,-74.15945
230,210797,40.759846,-73.98418
231,111668,40.718697,-74.006714
232,7894,40.715385,-73.98231
233,79501,40.749172,-73.97125
234,192085,40.740314,-73.99048
235,179,40.853504,-73.91497
236,253446,40.78049,-73.95697
237,277063,40.768543,-73.96569
238,124306,40.791767,-73.97282
239,163457,40.784107,-73.97827
24,18198,40.802032,-73.96557
240,16,40.894745,-73.87907
241,106,40.875977,-73.896454
242,185,40.849598,-73.83988
243,892,40.85867,-73.93282
244,5920,40.841217,-73.941666
245,3,40.62848,-74.10317
246,113265,40.752438,-74.00451
247,768,40.829212,-73.92506
248,106,40.83468,-73.87101
249,125868,40.73461,-74.002495
25,4869,40.685616,-73.98646
250,103,40.83249,-73.84948
251,1,40.619606,-74.12324
252,64,40.78836,-73.81539
253,20,40.760086,-73.84148
254,145,40.883224,-73.85827
255,4972,40.718834,-73.95713
256,3569,40.710976,-73.95911
257,167,40.653664,-73.97724
258,94,40.690125,-73.856636
259,49,40.8991,-73.85635
26,246,40.628613,-73.98956
260,2853,40.7468,-73.90372
261,39860,40.708977,-74.01292
262,77202,40.776535,-73.94583
263,114304,40.778496,-73.95121
27,2,40.55895,-73.90978
28,791,40.710854,-73.80733
29,70,40.582195,-73.96058
3,94,40.865887,-73.84948
30,3,40.604874,-73.8201
31,24,40.85992,-73.875725
32,94,40.864452,-73.864624
33,6885,40.69624,-73.99533
34,146,40.70256,-73.9677
35,276,40.66381,-73.91248
36,464,40.699085,-73.916565
37,792,40.696266,-73.92595
38,48,40.693295,-73.73555
39,285,40.638878,-73.89977
4,9856,40.72415,-73.97702
40,2588,40.678505,-73.99582
41,22200,40.804203,-73.952065
42,9281,40.821045,-73.939514
43,102661,40.78246,-73.96557
44,32,40.527298,-74.229546
45,12432,40.71306,-73.99825
46,8,40.8475,-73.78648
47,140,40.845757,-73.89693
48,198128,40.762238,-73.98985
49,1137,40.688515,-73.964935
5,24,40.55034,-74.189926
50,56705,40.766693,-73.9939
51,209,40.87406,-73.83042
52,3139,40.686604,-73.996925
53,56,40.781986,-73.84407
54,207,40.686993,-74.00309
55,123,40.5769,-73.99047
56,598,40.7416,-73.859055
57,17,40.752316,-73.853386
58,9,40.841476,-73.8207
59,4,40.83886,-73.893074
6,7,40.599064,-74.06777
60,72,40.831295,-73.889786
61,1073,40.673843,-73.941284
62,293,40.66709,-73.94927
63,102,40.68481,-73.87768
64,20,40.76063,-73.73139
65,7284,40.695374,-73.98557
66,3795,40.701733,-73.98638
67,62,40.618454,-74.01473
68,160316,40.748398,-73.99994
69,353,40.83061,-73.91537
7,7465,40.761086,-73.92149
70,516,40.763947,-73.8684
71,272,40.64393,-73.93774
72,229,40.652462,-73.92021
73,26,40.753696,-73.80659
74,23229,40.805565,-73.93831
75,44938,40.79065,-73.944954
76,535,40.658688,-73.87842
77,115,40.6677,-73.89571
78,111,40.84603,-73.88664
79,161816,40.727943,-73.985214
8,115,40.778606,-73.9232
80,2112,40.71447,-73.94233
81,67,40.877357,-73.845535
82,1801,40.738464,-73.872345
83,483,40.740147,-73.88922
84,3,40.532017,-74.173935
85,179,40.647255,-73.95221
86,42,40.602554,-73.75419
87,46826,40.70666,-74.00781
88,23880,40.703392,-74.01131
89,599,40.640984,-73.96269
9,55,40.75441,-73.78802
90,113278,40.742546,-73.99678
91,211,40.62739,-73.93254
92,264,40.764126,-73.830444
93,3057,40.739235,-73.841896
94,54,40.85826,-73.90059
95,739,40.723465,-73.84822
96,9,40.695763,-73.876015
97,4652,40.690617,-73.97558
98,50,40.73384,-73.77955
99,1,40.579617,-74.187706
1,54,40.689514,-74.17679
10,2044,40.678123,-73.791664
100,133212,40.753513,-73.988785
101,35,40.74372,-73.70907
102,59,40.70268,-73.881996
105,7,40.688137,-74.01879
106,634,40.673363,-73.99176
107,150017,40.737347,-73.98331
108,57,40.58911,-73.98038
109,3,40.548832,-74.15272
11,59,40.603977,-74.01061
111,7,40.652115,-73.99099
112,1757,40.728832,-73.94847
113,107131,40.732487,-73.99463
114,88104,40.72861,-73.99868
115,12,40.62013,-74.09248
116,6704,40.827534,-73.947365
117,21,40.596054,-73.776085
118,31,40.585632,-74.13707
119,148,40.83673,-73.92696
12,2893,40.702488,-74.01549
120,24,40.846004,-73.93081
121,93,40.72735,-73.79969
122,23,40.711067,-73.761566
123,88,40.600204,-73.965195
124,79,40.659565,-73.850006
125,36874,40.725376,-74.00718
126,55,40.81392,-73.88498
127,503,40.865063,-73.92033
128,23,40.87219,-73.92543
129,2489,40.759056,-73.887405
13,59969,40.711613,-74.01612
130,1148,40.703274,-73.80035
131,72,40.720413,-73.77138
132,227482,40.642605,-73.77827
133,251,40.63939,-73.974335
134,467,40.70875,-73.829994
135,207,40.72941,-73.82398
136,169,40.864803,-73.90572
137,75214,40.74036,-73.97712
138,167953,40.774868,-73.8728
139,40,40.67775,-73.743324
14,242,40.623585,-74.03045
140,123642,40.765507,-73.95457
141,161967,40.766838,-73.95971
142,222856,40.773907,-73.98135
143,83662,40.775772,-73.987976
144,65916,40.72058,-73.997406
145,5584,40.74659,-73.9487
146,5524,40.754528,-73.93363
147,90,40.8192,-73.89819
148,82824,40.71921,-73.990715
149,87,40.60656,-73.94847
15,50,40.78522,-73.78797
150,55,40.58026,-73.94289
151,59755,40.797867,-73.96781
152,6257,40.817577,-73.95432
153,54,40.8756,-73.911064
154,19,40.59312,-73.896126
155,131,40.61779,-73.90677
156,4,40.62875,-74.164856
157,599,40.72404,-73.901924
158,69223,40.73525,-74.008385
159,324,40.81826,-73.91358
16,63,40.761208,-73.77167
160,84,40.718502,-73.880714
161,294407,40.75823,-73.97743
162,254383,40.756817,-73.972145
163,196885,40.764427,-73.97837
164,158602,40.748806,-73.98593
165,158,40.62096,-73.954605
166,38467,40.80957,-73.961815
167,127,40.827988,-73.90444
168,878,40.807438,-73.91706
169,129,40.849113,-73.90502
17,720,40.691994,-73.94918
170,208407,40.747654,-73.976944
171,76,40.768944,-73.80888
172,3,40.572464,-74.10393
173,144,40.751778,-73.86308
174,111,40.876854,-73.87776
175,25,40.743275,-73.757355
176,1,40.56206,-74.11961
177,182,40.677097,-73.9111
178,30,40.617634,-73.97069
179,3066,40.771427,-73.92681
18,78,40.868763,-73.886925
180,63,40.675163,-73.849365
181,5173,40.67202,-73.97904
182,81,40.837406,-73.85794
183,24,40.849567,-73.831856
184,2,40.864784,-73.80461
185,74,40.85347,-73.85518
186,248003,40.748478,-73.992455
187,2,40.625454,-74.14115
188,632,40.65756,-73.9452
189,1045,40.67718,-73.96827
19,39,40.736473,-73.72787
190,220,40.660606,-73.97095
191,76,40.71428,-73.74112
192,68,40.74441,-73.81519
193,2228,40.761723,-73.940285
194,396,40.79143,-73.92103
195,553,40.67546,-74.00955
196,619,40.723648,-73.86401
197,260,40.693,-73.82904
198,146,40.70452,-73.90199
199,0,40.792046,-73.88354
2,4,40.625725,-73.826126
20,57,40.857773,-73.88603
200,62,40.89986,-73.90646
201,5,40.57747,-73.847244
202,152,40.76117,-73.95041
203,40,40.6595,-73.73672
204,0,40.54074,-74.20697
205,150,40.69222,-73.76262
206,4,40.63596,-74.12316
207,59,40.76351,-73.89932
208,77,40.824688,-73.82489
209,14407,40.70849,-74.00236
21,87,40.60205,-73.9813
210,79,40.59376,-73.944336
211,53745,40.7239,-74.00137
212,81,40.828278,-73.8699
213,145,40.81649,-73.860794
214,3,40.58662,-74.085884
215,853,40.69419,-73.79037
216,509,40.67707,-73.82051
217,282,40.70325,-73.95685
218,70,40.67362,-73.77212
219,363,40.66023,-73.76101
22,93,40.609627,-73.99429
220,139,40.8819,-73.91188
221,3,40.620224,-74.08134
222,75,40.646873,-73.88214
223,3198,40.778194,-73.90667
224,13020,40.731728,-73.977844
225,455,40.688786,-73.93144
226,8522,40.735275,-73.92932
227,72,40.641598,-74.0068
228,371,40.653618,-74.009964
229,132802,40.756588,-73.96517
23,40,40.607506,-74.15945
230,241487,40.759846,-73.98418
231,114451,40.718697,-74.006714
232,8196,40.715385,-73.98231
233,89046,40.749172,-73.97125
234,207845,40.740314,-73.99048
235,167,40.853504,-73.91497
236,290189,40.78049,-73.95697
237,325119,40.768543,-73.96569
238,138794,40.791767,-73.97282
239,184135,40.784107,-73.97827
24,20335,40.802032,-73.96557
240,10,40.894745,-73.87907
241,103,40.875977,-73.896454
242,130,40.849598,-73.83988
243,858,40.85867,-73.93282
244,6415,40.841217,-73.941666
245,3,40.62848,-74.10317
246,116323,40.752438,-74.00451
247,705,40.829212,-73.92506
248,82,40.83468,-73.87101
249,133873,40.73461,-74.002495
25,5157,40.685616,-73.98646
250,78,40.83249,-73.84948
251,4,40.619606,-74.12324
252,59,40.78836,-73.81539
253,23,40.760086,-73.84148
254,108,40.883224,-73.85827
255,4553,40.718834,-73.95713
256,3495,40.710976,-73.95911
257,180,40.653664,-73.97724
258,82,40.690125,-73.856636
259,47,40.8991,-73.85635
26,174,40.628613,-73.98956
260,2867,40.7468,-73.90372
261,41483,40.708977,-74.01292
262,89249,40.776535,-73.94583
263,126287,40.778496,-73.95121
27,1,40.55895,-73.90978
28,930,40.710854,-73.80733
29,63,40.582195,-73.96058
3,67,40.865887,-73.84948
30,1,40.604874,-73.8201
31,22,40.85992,-73.875725
32,71,40.864452,-73.864624
33,6916,40.69624,-73.99533
34,174,40.70256,-73.9677
35,196,40.66381,-73.91248
36,438,40.699085,-73.916565
37,718,40.696266,-73.92595
38,46,40.693295,-73.73555
39,210,40.638878,-73.89977
4,10404,40.72415,-73.97702
40,2953,40.678505,-73.99582
41,23252,40.804203,-73.952065
42,9046,40.821045,-73.939514
43,112961,40.78246,-73.96557
44,31,40.527298,-74.229546
45,11911,40.71306,-73.99825
46,7,40.8475,-73.78648
47,117,40.845757,-73.89693
48,214007,40.762238,-73.98985
49,1176,40.688515,-73.964935
5,48,40.55034,-74.189926
50,62281,40.766693,-73.9939
51,187,40.87406,-73.83042
52,3508,40.686604,-73.996925
53,52,40.781986,-73.84407
54,232,40.686993,-74.00309
55,95,40.5769,-73.99047
56,624,40.7416,-73.859055
57,11,40.752316,-73.853386
58,14,40.841476,-73.8207
59,1,40.83886,-73.893074
6,10,40.599064,-74.06777
60,70,40.831295,-73.889786
61,912,40.673843,-73.941284
62,287,40.66709,-73.94927
63,85,40.68481,-73.87768
64,19,40.76063,-73.73139
65,7919,40.695374,-73.98557
66,3668,40.701733,-73.98638
67,48,40.618454,-74.01473
68,165923,40.748398,-73.99994
69,344,40.83061,-73.91537
7,8235,40.761086,-73.92149
70,595,40.763947,-73.8684
71,251,40.64393,-73.93774
72,184,40.652462,-73.92021
73,14,40.753696,-73.80659
74,22942,40.805565,-73.93831
75,48626,40.79065,-73.944954
76,340,40.658688,-73.87842
77,68,40.6677,-73.89571
78,122,40.84603,-73.88664
79,173457,40.727943,-73.985214
8,94,40.778606,-73.9232
80,1831,40.71447,-73.94233
81,63,40.877357,-73.845535
82,1875,40.738464,-73.872345
83,493,40.740147,-73.88922
84,4,40.532017,-74.173935
85,152,40.647255,-73.95221
86,47,40.602554,-73.75419
87,47823,40.70666,-74.00781
88,26024,40.703392,-74.01131
89,516,40.640984,-73.96269
9,50,40.75441,-73.78802
90,119323,40.742546,-73.99678
91,171,40.62739,-73.93254
92,222,40.764126,-73.830444
93,2361,40.739235,-73.841896
94,49,40.85826,-73.90059
95,718,40.723465,-73.84822
96,11,40.695763,-73.876015
97,5290,40.690617,-73.97558
98,30,40.73384,-73.77955
99,2,40.579617,-74.187706
1,42,40.689514,-74.17679
10,1810,40.678123,-73.791664
100,128348,40.753513,-73.988785
101,36,40.74372,-73.70907
102,41,40.70268,-73.881996
105,6,40.688137,-74.01879
106,555,40.673363,-73.99176
107,146781,40.737347,-73.98331
108,32,40.58911,-73.98038
109,5,40.548832,-74.15272
11,28,40.603977,-74.01061
111,10,40.652115,-73.99099
112,1601,40.728832,-73.94847
113,101466,40.732487,-73.99463
114,87599,40.72861,-73.99868
115,9,40.62013,-74.09248
116,6724,40.827534,-73.947365
117,47,40.596054,-73.776085
118,33,40.585632,-74.13707
119,160,40.83673,-73.92696
12,2374,40.702488,-74.01549
120,22,40.846004,-73.93081
121,88,40.72735,-73.79969
122,16,40.711067,-73.761566
123,71,40.600204,-73.965195
124,77,40.659565,-73.850006
125,34605,40.725376,-74.00718
126,93,40.81392,-73.88498
127,510,40.865063,-73.92033
128,37,40.87219,-73.92543
129,2443,40.759056,-73.887405
13,53874,40.711613,-74.01612
130,997,40.703274,-73.80035
131,59,40.720413,-73.77138
132,202512,40.642605,-73.77827
133,232,40.63939,-73.974335
134,457,40.70875,-73.829994
135,186,40.72941,-73.82398
136,126,40.864803,-73.90572
137,72246,40.74036,-73.97712
138,146995,40.774868,-73.8728
139,27,40.67775,-73.743324
14,246,40.623585,-74.03045
140,117782,40.765507,-73.95457
141,158541,40.766838,-73.95971
142,211144,40.773907,-73.98135
143,80094,40.775772,-73.987976
144,65624,40.72058,-73.997406
145,4845,40.74659,-73.9487
146,4885,40.754528,-73.93363
147,77,40.8192,-73.89819
148,85578,40.71921,-73.990715
149,102,40.60656,-73.94847
15,36,40.78522,-73.78797
150,50,40.58026,-73.94289
151,59220,40.797867,-73.96781
152,5922,40.817577,-73.95432
153,63,40.8756,-73.911064
154,31,40.59312,-73.896126
155,103,40.61779,-73.90677
156,9,40.62875,-74.164856
157,537,40.72404,-73.901924
158,65026,40.73525,-74.008385
159,370,40.81826,-73.91358
16,58,40.761208,-73.77167
160,83,40.718502,-73.880714
161,281785,40.75823,-73.97743
162,231842,40.756817,-73.972145
163,190403,40.764427,-73.97837
164,154624,40.748806,-73.98593
165,134,40.62096,-73.954605
166,37237,40.80957,-73.961815
167,138,40.827988,-73.90444
168,849,40.807438,-73.91706
169,140,40.849113,-73.90502
17,743,40.691994,-73.94918
170,193648,40.747654,-73.976944
171,81,40.768944,-73.80888
172,2,40.572464,-74.10393
173,164,40.751778,-73.86308
174,83,40.876854,-73.87776
175,25,40.743275,-73.757355
176,0,40.56206,-74.11961
177,145,40.677097,-73.9111
178,35,40.617634,-73.97069
179,2816,40.771427,-73.92681
18,89,40.868763,-73.886925
180,69,40.675163,-73.849365
181,4621,40.67202,-73.97904
182,89,40.837406,-73.85794
183,17,40.849567,-73.831856
184,4,40.864784,-73.80461
185,71,40.85347,-73.85518
186,237763,40.748478,-73.992455
187,1,40.625454,-74.14115
188,579,40.65756,-73.9452
189,964,40.67718,-73.96827
19,43,40.736473,-73.72787
190,213,40.660606,-73.97095
191,93,40.71428,-73.74112
192,49,40.74441,-73.81519
193,2043,40.761723,-73.940285
194,408,40.79143,-73.92103
195,304,40.67546,-74.00955
196,578,40.723648,-73.86401
197,244,40.693,-73.82904
198,131,40.70452,-73.90199
199,0,40.792046,-73.88354
2,2,40.625725,-73.826126
20,51,40.857773,-73.88603
200,47,40.89986,-73.90646
201,10,40.57747,-73.847244
202,167,40.76117,-73.95041
203,22,40.6595,-73.73672
204,1,40.54074,-74.20697
205,99,40.69222,-73.76262
206,5,40.63596,-74.12316
207,61,40.76351,-73.89932
208,73,40.824688,-73.82489
209,12726,40.70849,-74.00236
21,62,40.60205,-73.9813
210,88,40.59376,-73.944336
211,53476,40.7239,-74.00137
212,97,40.828278,-73.8699
213,156,40.81649,-73.860794
214,4,40.58662,-74.085884
215,797,40.69419,-73.79037
216,489,40.67707,-73.82051
217,328,40.70325,-73.95685
218,59,40.67362,-73.77212
219,301,40.66023,-73.76101
22,102,40.609627,-73.99429
220,122,40.8819,-73.91188
221,4,40.620224,-74.08134
222,53,40.646873,-73.88214
223,2851,40.778194,-73.90667
224,12366,40.731728,-73.977844
225,417,40.688786,-73.93144
226,8013,40.735275,-73.92932
227,66,40.641598,-74.0068
228,374,40.653618,-74.009964
229,126031,40.756588,-73.96517
23,38,40.607506,-74.15945
230,235389,40.759846,-73.98418
231,105291,40.718697,-74.006714
232,8268,40.715385,-73.98231
233,82206,40.749172,-73.97125
234,193848,40.740314,-73.99048
235,185,40.853504,-73.91497
236,276393,40.78049,-73.95697
237,311915,40.768543,-73.96569
238,136225,40.791767,-73.97282
239,181976,40.784107,-73.97827
24,19867,40.802032,-73.96557
240,6,40.894745,-73.87907
241,103,40.875977,-73.896454
242,130,40.849598,-73.83988
243,923,40.85867,-73.93282
244,6108,40.841217,-73.941666
245,4,40.62848,-74.10317
246,107968,40.752438,-74.00451
247,559,40.829212,-73.92506
248,86,40.83468,-73.87101
249,132029,40.73461,-74.002495
25,4654,40.685616,-73.98646
250,92,40.83249,-73.84948
251,1,40.619606,-74.12324
252,54,40.78836,-73.81539
253,7,40.760086,-73.84148
254,96,40.883224,-73.85827
255,4500,40.718834,-73.95713
256,3375,40.710976,-73.95911
257,151,40.653664,-73.97724
258,67,40.690125,-73.856636
259,30,40.8991,-73.85635
26,223,40.628613,-73.98956
260,2751,40.7468,-73.90372
261,38074,40.708977,-74.01292
262,84304,40.776535,-73.94583
263,124519,40.778496,-73.95121
27,1,40.55895,-73.90978
28,908,40.710854,-73.80733
29,54,40.582195,-73.96058
3,55,40.865887,-73.84948
30,2,40.604874,-73.8201
31,14,40.85992,-73.875725
32,58,40.864452,-73.864624
33,5815,40.69624,-73.99533
34,161,40.70256,-73.9677
35,207,40.66381,-73.91248
36,391,40.699085,-73.916565
37,677,40.696266,-73.92595
38,51,40.693295,-73.73555
39,173,40.638878,-73.89977
4,10909,40.72415,-73.97702
40,2572,40.678505,-73.99582
41,24001,40.804203,-73.952065
42,9014,40.821045,-73.939514
43,107315,40.78246,-73.96557
44,30,40.527298,-74.229546
45,11053,40.71306,-73.99825
46,5,40.8475,-73.78648
47,124,40.845757,-73.89693
48,205762,40.762238,-73.98985
49,1052,40.688515,-73.964935
5,25,40.55034,-74.189926
50,55903,40.766693,-73.9939
51,126,40.87406,-73.83042
52,3127,40.686604,-73.996925
53,41,40.781986,-73.84407
54,192,40.686993,-74.00309
55,66,40.5769,-73.99047
56,610,40.7416,-73.859055
57,8,40.752316,-73.853386
58,12,40.841476,-73.8207
59,4,40.83886,-73.893074
6,21,40.599064,-74.06777
60,52,40.831295,-73.889786
61,865,40.673843,-73.941284
62,213,40.66709,-73.94927
63,72,40.68481,-73.87768
64,29,40.76063,-73.73139
65,6656,40.695374,-73.98557
66,2726,40.701733,-73.98638
67,47,40.618454,-74.01473
68,158174,40.748398,-73.99994
69,258,40.83061,-73.91537
7,7725,40.761086,-73.92149
70,596,40.763947,-73.8684
71,163,40.64393,-73.93774
72,169,40.652462,-73.92021
73,14,40.753696,-73.80659
74,23795,40.805565,-73.93831
75,47916,40.79065,-73.944954
76,353,40.658688,-73.87842
77,62,40.6677,-73.89571
78,116,40.84603,-73.88664
79,174632,40.727943,-73.985214
8,70,40.778606,-73.9232
80,1726,40.71447,-73.94233
81,56,40.877357,-73.845535
82,1896,40.738464,-73.872345
83,503,40.740147,-73.88922
84,2,40.532017,-74.173935
85,166,40.647255,-73.95221
86,48,40.602554,-73.75419
87,42279,40.70666,-74.00781
88,22086,40.703392,-74.01131
89,580,40.640984,-73.96269
9,32,40.75441,-73.78802
90,112591,40.742546,-73.99678
91,133,40.62739,-73.93254
92,188,40.764126,-73.830444
93,2403,40.739235,-73.841896
94,48,40.85826,-73.90059
95,667,40.723465,-73.84822
96,22,40.695763,-73.876015
97,4666,40.690617,-73.97558
98,34,40.73384,-73.77955
99,2,40.579617,-74.187706
1,53,40.689514,-74.17679
10,1899,40.678123,-73.791664
100,127778,40.753513,-73.988785
101,48,40.74372,-73.70907
102,59,40.70268,-73.881996
105,5,40.688137,-74.01879
106,565,40.673363,-73.99176
107,153959,40.737347,-73.98331
108,47,40.58911,-73.98038
109,5,40.548832,-74.15272
11,23,40.603977,-74.01061
111,9,40.652115,-73.99099
112,1521,40.728832,-73.94847
113,99681,40.732487,-73.99463
114,82692,40.72861,-73.99868
115,8,40.62013,-74.09248
116,7480,40.827534,-73.947365
117,42,40.596054,-73.776085
118,39,40.585632,-74.13707
119,131,40.83673,-73.92696
12,2600,40.702488,-74.01549
120,25,40.846004,-73.93081
121,79,40.72735,-73.79969
122,17,40.711067,-73.761566
123,69,40.600204,-73.965195
124,54,40.659565,-73.850006
125,33060,40.725376,-74.00718
126,130,40.81392,-73.88498
127,515,40.865063,-73.92033
128,34,40.87219,-73.92543
129,2598,40.759056,-73.887405
13,54094,40.711613,-74.01612
130,1035,40.703274,-73.80035
131,46,40.720413,-73.77138
132,210467,40.642605,-73.77827
133,176,40.63939,-73.974335
134,433,40.70875,-73.829994
135,193,40.72941,-73.82398
136,158,40.864803,-73.90572
137,75849,40.74036,-73.97712
138,156789,40.774868,-73.8728
139,32,40.67775,-73.743324
14,265,40.623585,-74.03045
140,117672,40.765507,-73.95457
141,162232,40.766838,-73.95971
142,217162,40.773907,-73.98135
143,78372,40.775772,-73.987976
144,65915,40.72058,-73.997406
145,4666,40.74659,-73.9487
146,4903,40.754528,-73.93363
147,91,40.8192,-73.89819
148,79113,40.71921,-73.990715
149,83,40.60656,-73.94847
15,35,40.78522,-73.78797
150,37,40.58026,-73.94289
151,60351,40.797867,-73.96781
152,5898,40.817577,-73.95432
153,67,40.8756,-73.911064
154,20,40.59312,-73.896126
155,99,40.61779,-73.90677
156,6,40.62875,-74.164856
157,574,40.72404,-73.901924
158,61481,40.73525,-74.008385
159,379,40.81826,-73.91358
16,49,40.761208,-73.77167
160,81,40.718502,-73.880714
161,257011,40.75823,-73.97743
162,239180,40.756817,-73.972145
163,184370,40.764427,-73.97837
164,152360,40.748806,-73.98593
165,97,40.62096,-73.954605
166,35218,40.80957,-73.961815
167,157,40.827988,-73.90444
168,817,40.807438,-73.91706
169,143,40.849113,-73.90502
17,760,40.691994,-73.94918
170,195824,40.747654,-73.976944
171,67,40.768944,-73.80888
172,2,40.572464,-74.10393
173,160,40.751778,-73.86308
174,94,40.876854,-73.87776
175,10,40.743275,-73.757355
176,1,40.56206,-74.11961
177,143,40.677097,-73.9111
178,37,40.617634,-73.97069
179,3022,40.771427,-73.92681
18,98,40.868763,-73.886925
180,75,40.675163,-73.849365
181,4761,40.67202,-73.97904
182,97,40.837406,-73.85794
183,19,40.849567,-73.831856
184,5,40.864784,-73.80461
185,71,40.85347,-73.85518
186,245190,40.748478,-73.992455
187,7,40.625454,-74.14115
188,561,40.65756,-73.9452
189,951,40.67718,-73.96827
19,43,40.736473,-73.72787
190,135,40.660606,-73.97095
191,77,40.71428,-73.74112
192,54,40.74441,-73.81519
193,2239,40.761723,-73.940285
194,434,40.79143,-73.92103
195,310,40.67546,-74.00955
196,625,40.723648,-73.86401
197,253,40.693,-73.82904
198,106,40.70452,-73.90199
199,0,40.792046,-73.88354
2,5,40.625725,-73.826126
20,50,40.857773,-73.88603
200,55,40.89986,-73.90646
201,4,40.57747,-73.847244
202,175,40.76117,-73.95041
203,23,40.6595,-73.73672
204,0,40.54074,-74.20697
205,99,40.69222,-73.76262
206,7,40.63596,-74.12316
207,51,40.76351,-73.89932
208,70,40.824688,-73.82489
209,13526,40.70849,-74.00236
21,53,40.60205,-73.9813
210,78,40.59376,-73.944336
211,52456,40.7239,-74.00137
212,83,40.828278,-73.8699
213,135,40.81649,-73.860794
214,17,40.58662,-74.085884
215,841,40.69419,-73.79037
216,476,40.67707,-73.82051
217,291,40.70325,-73.95685
218,49,40.67362,-73.77212
219,342,40.66023,-73.76101
22,83,40.609627,-73.99429
220,135,40.8819,-73.91188
221,4,40.620224,-74.08134
222,50,40.646873,-73.88214
223,2892,40.778194,-73.90667
224,12158,40.731728,-73.977844
225,408,40.688786,-73.93144
226,8311,40.735275,-73.92932
227,64,40.641598,-74.0068
228,336,40.653618,-74.009964
229,129671,40.756588,-73.96517
23,31,40.607506,-74.15945
230,224490,40.759846,-73.98418
231,104124,40.718697,-74.006714
232,8008,40.715385,-73.98231
233,83997,40.749172,-73.97125
234,185602,40.740314,-73.99048
235,183,40.853504,-73.91497
236,279902,40.78049,-73.95697
237,314755,40.768543,-73.96569
238,137221,40.791767,-73.97282
239,182772,40.784107,-73.97827
24,19691,40.802032,-73.96557
240,11,40.894745,-73.87907
241,139,40.875977,-73.896454
242,101,40.849598,-73.83988
243,987,40.85867,-73.93282
244,6701,40.841217,-73.941666
245,0,40.62848,-74.10317
246,109779,40.752438,-74.00451
247,657,40.829212,-73.92506
248,70,40.83468,-73.87101
249,125635,40.73461,-74.002495
25,4990,40.685616,-73.98646
250,119,40.83249,-73.84948
251,3,40.619606,-74.12324
252,51,40.78836,-73.81539
253,16,40.760086,-73.84148
254,122,40.883224,-73.85827
255,4220,40.718834,-73.95713
256,3240,40.710976,-73.95911
257,155,40.653664,-73.97724
258,65,40.690125,-73.856636
259,29,40.8991,-73.85635
26,180,40.628613,-73.98956
260,3050,40.7468,-73.90372
261,41407,40.708977,-74.01292
262,84787,40.776535,-73.94583
263,126499,40.778496,-73.95121
27,1,40.55895,-73.90978
28,869,40.710854,-73.80733
29,50,40.582195,-73.96058
3,64,40.865887,-73.84948
30,1,40.604874,-73.8201
31,20,40.85992,-73.875725
32,53,40.864452,-73.864624
33,6118,40.69624,-73.99533
34,130,40.70256,-73.9677
35,187,40.66381,-73.91248
36,363,40.699085,-73.916565
37,662,40.696266,-73.92595
38,36,40.693295,-73.73555
39,179,40.638878,-73.89977
4,10850,40.72415,-73.97702
40,2818,40.678505,-73.99582
41,25258,40.804203,-73.952065
42,9920,40.821045,-73.939514
43,111613,40.78246,-73.96557
44,32,40.527298,-74.229546
45,12182,40.71306,-73.99825
46,1,40.8475,-73.78648
47,116,40.845757,-73.89693
48,212097,40.762238,-73.98985
49,1166,40.688515,-73.964935
5,32,40.55034,-74.189926
50,52788,40.766693,-73.9939
51,102,40.87406,-73.83042
52,3600,40.686604,-73.996925
53,60,40.781986,-73.84407
54,191,40.686993,-74.00309
55,53,40.5769,-73.99047
56,650,40.7416,-73.859055
57,4,40.752316,-73.853386
58,9,40.841476,-73.8207
59,3,40.83886,-73.893074
6,13,40.599064,-74.06777
60,60,40.831295,-73.889786
61,884,40.673843,-73.941284
62,215,40.66709,-73.94927
63,65,40.68481,-73.87768
64,19,40.76063,-73.73139
65,7134,40.695374,-73.98557
66,2952,40.701733,-73.98638
67,121,40.618454,-74.01473
68,159383,40.748398,-73.99994
69,269,40.83061,-73.91537
7,8251,40.761086,-73.92149
70,655,40.763947,-73.8684
71,156,40.64393,-73.93774
72,111,40.652462,-73.92021
73,13,40.753696,-73.80659
74,24914,40.805565,-73.93831
75,49337,40.79065,-73.944954
76,295,40.658688,-73.87842
77,77,40.6677,-73.89571
78,136,40.84603,-73.88664
79,173036,40.727943,-73.985214
8,85,40.778606,-73.9232
80,1637,40.71447,-73.94233
81,51,40.877357,-73.845535
82,2107,40.738464,-73.872345
83,458,40.740147,-73.88922
84,0,40.532017,-74.173935
85,140,40.647255,-73.95221
86,66,40.602554,-73.75419
87,43367,40.70666,-74.00781
88,23061,40.703392,-74.01131
89,428,40.640984,-73.96269
9,23,40.75441,-73.78802
90,110072,40.742546,-73.99678
91,116,40.62739,-73.93254
92,208,40.764126,-73.830444
93,2457,40.739235,-73.841896
94,42,40.85826,-73.90059
95,698,40.723465,-73.84822
96,5,40.695763,-73.876015
97,4740,40.690617,-73.97558
98,29,40.73384,-73.77955
99,2,40.579617,-74.187706
1,34,40.689514,-74.17679
10,1689,40.678123,-73.791664
100,119879,40.753513,-73.988785
101,38,40.74372,-73.70907
102,34,40.70268,-73.881996
105,2,40.688137,-74.01879
106,461,40.673363,-73.99176
107,137638,40.737347,-73.98331
108,32,40.58911,-73.98038
109,7,40.548832,-74.15272
11,35,40.603977,-74.01061
111,3,40.652115,-73.99099
112,1241,40.728832,-73.94847
113,92174,40.732487,-73.99463
114,76499,40.72861,-73.99868
115,26,40.62013,-74.09248
116,6766,40.827534,-73.947365
117,57,40.596054,-73.776085
118,45,40.585632,-74.13707
119,88,40.83673,-73.92696
12,1809,40.702488,-74.01549
120,20,40.846004,-73.93081
121,58,40.72735,-73.79969
122,12,40.711067,-73.761566
123,64,40.600204,-73.965195
124,52,40.659565,-73.850006
125,31157,40.725376,-74.00718
126,70,40.81392,-73.88498
127,492,40.865063,-73.92033
128,27,40.87219,-73.92543
129,2233,40.759056,-73.887405
13,49531,40.711613,-74.01612
130,1042,40.703274,-73.80035
131,28,40.720413,-73.77138
132,196711,40.642605,-73.77827
133,187,40.63939,-73.974335
134,532,40.70875,-73.829994
135,182,40.72941,-73.82398
136,132,40.864803,-73.90572
137,70876,40.74036,-73.97712
138,126678,40.774868,-73.8728
139,18,40.67775,-73.743324
14,221,40.623585,-74.03045
140,120877,40.765507,-73.95457
141,154015,40.766838,-73.95971
142,187927,40.773907,-73.98135
143,74588,40.775772,-73.987976
144,56460,40.72058,-73.997406
145,4546,40.74659,-73.9487
146,4643,40.754528,-73.93363
147,85,40.8192,-73.89819
148,73924,40.71921,-73.990715
149,68,40.60656,-73.94847
15,35,40.78522,-73.78797
150,24,40.58026,-73.94289
151,55523,40.797867,-73.96781
152,5435,40.817577,-73.95432
153,55,40.8756,-73.911064
154,14,40.59312,-73.896126
155,76,40.61779,-73.90677
156,7,40.62875,-74.164856
157,652,40.72404,-73.901924
158,57006,40.73525,-74.008385
159,276,40.81826,-73.91358
16,32,40.761208,-73.77167
160,59,40.718502,-73.880714
161,273709,40.75823,-73.97743
162,228487,40.756817,-73.972145
163,170591,40.764427,-73.97837
164,136560,40.748806,-73.98593
165,89,40.62096,-73.954605
166,31749,40.80957,-73.961815
167,121,40.827988,-73.90444
168,752,40.807438,-73.91706
169,127,40.849113,-73.90502
17,585,40.691994,-73.94918
170,187800,40.747654,-73.976944
171,51,40.768944,-73.80888
172,0,40.572464,-74.10393
173,120,40.751778,-73.86308
174,68,40.876854,-73.87776
175,11,40.743275,-73.757355
176,0,40.56206,-74.11961
177,112,40.677097,-73.9111
178,13,40.617634,-73.97069
179,2620,40.771427,-73.92681
18,58,40.868763,-73.886925
180,41,40.675163,-73.849365
181,3729,40.67202,-73.97904
182,68,40.837406,-73.85794
183,34,40.849567,-73.831856
184,3,40.864784,-73.80461
185,52,40.85347,-73.85518
186,220678,40.748478,-73.992455
187,4,40.625454,-74.14115
188,391,40.65756,-73.9452
189,877,40.67718,-73.96827
19,21,40.736473,-73.72787
190,122,40.660606,-73.97095
191,107,40.71428,-73.74112
192,45,40.74441,-73.81519
193,2126,40.761723,-73.940285
194,338,40.79143,-73.92103
195,256,40.67546,-74.00955
196,645,40.723648,-73.86401
197,212,40.693,-73.82904
198,101,40.70452,-73.90199
199,0,40.792046,-73.88354
2,3,40.625725,-73.826126
20,42,40.857773,-73.88603
200,45,40.89986,-73.90646
201,2,40.57747,-73.847244
202,161,40.76117,-73.95041
203,27,40.6595,-73.73672
204,0,40.54074,-74.20697
205,91,40.69222,-73.76262
206,3,40.63596,-74.12316
207,50,40.76351,-73.89932
208,62,40.824688,-73.82489
209,11345,40.70849,-74.00236
21,49,40.60205,-73.9813
210,88,40.59376,-73.944336
211,48181,40.7239,-74.00137
212,77,40.828278,-73.8699
213,92,40.81649,-73.860794
214,16,40.58662,-74.085884
215,804,40.69419,-73.79037
216,368,40.67707,-73.82051
217,246,40.70325,-73.95685
218,38,40.67362,-73.77212
219,278,40.66023,-73.76101
22,75,40.609627,-73.99429
220,149,40.8819,-73.91188
221,4,40.620224,-74.08134
222,27,40.646873,-73.88214
223,2556,40.778194,-73.90667
224,10961,40.731728,-73.977844
225,314,40.688786,-73.93144
226,8232,40.735275,-73.92932
227,54,40.641598,-74.0068
228,289,40.653618,-74.009964
229,121852,40.756588,-73.96517
23,54,40.607506,-74.15945
230,220574,40.759846,-73.98418
231,98246,40.718697,-74.006714
232,7152,40.715385,-73.98231
233,76039,40.749172,-73.97125
234,182232,40.740314,-73.99048
235,165,40.853504,-73.91497
236,264888,40.78049,-73.95697
237,284641,40.768543,-73.96569
238,129517,40.791767,-73.97282
239,168498,40.784107,-73.97827
24,18100,40.802032,-73.96557
240,5,40.894745,-73.87907
241,127,40.875977,-73.896454
242,91,40.849598,-73.83988
243,832,40.85867,-73.93282
244,5936,40.841217,-73.941666
245,0,40.62848,-74.10317
246,107117,40.752438,-74.00451
247,493,40.829212,-73.92506
248,73,40.83468,-73.87101
249,119127,40.73461,-74.002495
25,3868,40.685616,-73.98646
250,69,40.83249,-73.84948
251,2,40.619606,-74.12324
252,37,40.78836,-73.81539
253,10,40.760086,-73.84148
254,94,40.883224,-73.85827
255,3204,40.718834,-73.95713
256,2710,40.710976,-73.95911
257,119,40.653664,-73.97724
258,43,40.690125,-73.856636
259,23,40.8991,-73.85635
26,110,40.628613,-73.98956
260,2757,40.7468,-73.90372
261,32968,40.708977,-74.01292
262,83454,40.776535,-73.94583
263,120447,40.778496,-73.95121
27,0,40.55895,-73.90978
28,997,40.710854,-73.80733
29,36,40.582195,-73.96058
3,46,40.865887,-73.84948
30,1,40.604874,-73.8201
31,12,40.85992,-73.875725
32,45,40.864452,-73.864624
33,5084,40.69624,-73.99533
34,99,40.70256,-73.9677
35,147,40.66381,-73.91248
36,335,40.699085,-73.916565
37,626,40.696266,-73.92595
38,33,40.693295,-73.73555
39,119,40.638878,-73.89977
4,9427,40.72415,-73.97702
40,2480,40.678505,-73.99582
41,21682,40.804203,-73.952065
42,8457,40.821045,-73.939514
43,93518,40.78246,-73.96557
44,34,40.527298,-74.229546
45,11195,40.71306,-73.99825
46,0,40.8475,-73.78648
47,86,40.845757,-73.89693
48,186883,40.762238,-73.98985
49,931,40.688515,-73.964935
5,36,40.55034,-74.189926
50,46162,40.766693,-73.9939
51,82,40.87406,-73.83042
52,3018,40.686604,-73.996925
53,45,40.781986,-73.84407
54,135,40.686993,-74.00309
55,41,40.5769,-73.99047
56,643,40.7416,-73.859055
57,4,40.752316,-73.853386
58,7,40.841476,-73.8207
59,2,40.83886,-73.893074
6,7,40.599064,-74.06777
60,54,40.831295,-73.889786
61,677,40.673843,-73.941284
62,136,40.66709,-73.94927
63,43,40.68481,-73.87768
64,19,40.76063,-73.73139
65,5487,40.695374,-73.98557
66,2078,40.701733,-73.98638
67,50,40.618454,-74.01473
68,144015,40.748398,-73.99994
69,237,40.83061,-73.91537
7,7585,40.761086,-73.92149
70,506,40.763947,-73.8684
71,99,40.64393,-73.93774
72,85,40.652462,-73.92021
73,15,40.753696,-73.80659
74,20442,40.805565,-73.93831
75,45209,40.79065,-73.944954
76,164,40.658688,-73.87842
77,41,40.6677,-73.89571
78,117,40.84603,-73.88664
79,152957,40.727943,-73.985214
8,83,40.778606,-73.9232
80,1403,40.71447,-73.94233
81,45,40.877357,-73.845535
82,2098,40.738464,-73.872345
83,435,40.740147,-73.88922
84,4,40.532017,-74.173935
85,93,40.647255,-73.95221
86,65,40.602554,-73.75419
87,38305,40.70666,-74.00781
88,20306,40.703392,-74.01131
89,304,40.640984,-73.96269
9,16,40.75441,-73.78802
90,105232,40.742546,-73.99678
91,98,40.62739,-73.93254
92,119,40.764126,-73.830444
93,3021,40.739235,-73.841896
94,47,40.85826,-73.90059
95,642,40.723465,-73.84822
96,11,40.695763,-73.876015
97,3814,40.690617,-73.97558
98,32,40.73384,-73.77955
99,1,40.579617,-74.187706
1,35,40.689514,-74.17679
10,1386,40.678123,-73.791664
100,118620,40.753513,-73.988785
101,41,40.74372,-73.70907
102,30,40.70268,-73.881996
105,3,40.688137,-74.01879
106,500,40.673363,-73.99176
107,136821,40.737347,-73.98331
108,22,40.58911,-73.98038
109,5,40.548832,-74.15272
11,20,40.603977,-74.01061
111,4,40.652115,-73.99099
112,1249,40.728832,-73.94847
113,94538,40.732487,-73.99463
114,81177,40.72861,-73.99868
115,15,40.62013,-74.09248
116,6621,40.827534,-73.947365
117,62,40.596054,-73.776085
118,42,40.585632,-74.13707
119,75,40.83673,-73.92696
12,1686,40.702488,-74.01549
120,27,40.846004,-73.93081
121,54,40.72735,-73.79969
122,7,40.711067,-73.761566
123,61,40.600204,-73.965195
124,50,40.659565,-73.850006
125,32959,40.725376,-74.00718
126,54,40.81392,-73.88498
127,481,40.865063,-73.92033
128,41,40.87219,-73.92543
129,2029,40.759056,-73.887405
13,48538,40.711613,-74.01612
130,922,40.703274,-73.80035
131,35,40.720413,-73.77138
132,172929,40.642605,-73.77827
133,162,40.63939,-73.974335
134,461,40.70875,-73.829994
135,192,40.72941,-73.82398
136,157,40.864803,-73.90572
137,68547,40.74036,-73.97712
138,116790,40.774868,-73.8728
139,28,40.67775,-73.743324
14,167,40.623585,-74.03045
140,113789,40.765507,-73.95457
141,146275,40.766838,-73.95971
142,183067,40.773907,-73.98135
143,71435,40.775772,-73.987976
144,59618,40.72058,-73.997406
145,3948,40.74659,-73.9487
146,4119,40.754528,-73.93363
147,75,40.8192,-73.89819
148,78404,40.71921,-73.990715
149,55,40.60656,-73.94847
15,30,40.78522,-73.78797
150,28,40.58026,-73.94289
151,53368,40.797867,-73.96781
152,5404,40.817577,-73.95432
153,58,40.8756,-73.911064
154,18,40.59312,-73.896126
155,59,40.61779,-73.90677
156,9,40.62875,-74.164856
157,556,40.72404,-73.901924
158,62913,40.73525,-74.008385
159,307,40.81826,-73.91358
16,22,40.761208,-73.77167
160,52,40.718502,-73.880714
161,268969,40.75823,-73.97743
162,225468,40.756817,-73.972145
163,171985,40.764427,-73.97837
164,140379,40.748806,-73.98593
165,78,40.62096,-73.954605
166,34311,40.80957,-73.961815
167,78,40.827988,-73.90444
168,677,40.807438,-73.91706
169,129,40.849113,-73.90502
17,550,40.691994,-73.94918
170,184766,40.747654,-73.976944
171,61,40.768944,-73.80888
172,4,40.572464,-74.10393
173,125,40.751778,-73.86308
174,59,40.876854,-73.87776
175,6,40.743275,-73.757355
176,1,40.56206,-74.11961
177,126,40.677097,-73.9111
178,21,40.617634,-73.97069
179,2440,40.771427,-73.92681
18,69,40.868763,-73.886925
180,59,40.675163,-73.849365
181,4113,40.67202,-73.97904
182,59,40.837406,-73.85794
183,44,40.849567,-73.831856
184,2,40.864784,-73.80461
185,54,40.85347,-73.85518
186,217510,40.748478,-73.992455
187,6,40.625454,-74.14115
188,400,40.65756,-73.9452
189,913,40.67718,-73.96827
19,19,40.736473,-73.72787
190,147,40.660606,-73.97095
191,96,40.71428,-73.74112
192,39,40.74441,-73.81519
193,1805,40.761723,-73.940285
194,249,40.79143,-73.92103
195,200,40.67546,-74.00955
196,536,40.723648,-73.86401
197,214,40.693,-73.82904
198,80,40.70452,-73.90199
199,0,40.792046,-73.88354
2,7,40.625725,-73.826126
20,48,40.857773,-73.88603
200,58,40.89986,-73.90646
201,8,40.57747,-73.847244
202,111,40.76117,-73.95041
203,28,40.6595,-73.73672
204,0,40.54074,-74.20697
205,75,40.69222,-73.76262
206,5,40.63596,-74.12316
207,43,40.76351,-73.89932
208,58,40.824688,-73.82489
209,11228,40.70849,-74.00236
21,34,40.60205,-73.9813
210,65,40.59376,-73.944336
211,50226,40.7239,-74.00137
212,57,40.828278,-73.8699
213,71,40.81649,-73.860794
214,20,40.58662,-74.085884
215,732,40.69419,-73.79037
216,348,40.67707,-73.82051
217,244,40.70325,-73.95685
218,29,40.67362,-73.77212
219,227,40.66023,-73.76101
22,63,40.609627,-73.99429
220,119,40.8819,-73.91188
221,5,40.620224,-74.08134
222,27,40.646873,-73.88214
223,2439,40.778194,-73.90667
224,11208,40.731728,-73.977844
225,265,40.688786,-73.93144
226,7317,40.735275,-73.92932
227,52,40.641598,-74.0068
228,285,40.653618,-74.009964
229,116721,40.756588,-73.96517
23,24,40.607506,-74.15945
230,218094,40.759846,-73.98418
231,101171,40.718697,-74.006714
232,7949,40.715385,-73.98231
233,75448,40.749172,-73.97125
234,187010,40.740314,-73.99048
235,122,40.853504,-73.91497
236,250801,40.78049,-73.95697
237,267816,40.768543,-73.96569
238,125095,40.791767,-73.97282
239,161108,40.784107,-73.97827
24,17999,40.802032,-73.96557
240,14,40.894745,-73.87907
241,99,40.875977,-73.896454
242,81,40.849598,-73.83988
243,945,40.85867,-73.93282
244,5793,40.841217,-73.941666
245,0,40.62848,-74.10317
246,113446,40.752438,-74.00451
247,512,40.829212,-73.92506
248,62,40.83468,-73.87101
249,124385,40.73461,-74.002495
25,4322,40.685616,-73.98646
250,80,40.83249,-73.84948
251,0,40.619606,-74.12324
252,50,40.78836,-73.81539
253,16,40.760086,-73.84148
254,76,40.883224,-73.85827
255,3730,40.718834,-73.95713
256,2854,40.710976,-73.95911
257,105,40.653664,-73.97724
258,45,40.690125,-73.856636
259,29,40.8991,-73.85635
26,101,40.628613,-73.98956
260,2531,40.7468,-73.90372
261,32549,40.708977,-74.01292
262,80737,40.776535,-73.94583
263,116303,40.778496,-73.95121
27,2,40.55895,-73.90978
28,854,40.710854,-73.80733
29,23,40.582195,-73.96058
3,53,40.865887,-73.84948
30,1,40.604874,-73.8201
31,18,40.85992,-73.875725
32,24,40.864452,-73.864624
33,4984,40.69624,-73.99533
34,119,40.70256,-73.9677
35,154,40.66381,-73.91248
36,311,40.699085,-73.916565
37,537,40.696266,-73.92595
38,43,40.693295,-73.73555
39,106,40.638878,-73.89977
4,10072,40.72415,-73.97702
40,2543,40.678505,-73.99582
41,22102,40.804203,-73.952065
42,8688,40.821045,-73.939514
43,87529,40.78246,-73.96557
44,26,40.527298,-74.229546
45,9791,40.71306,-73.99825
46,5,40.8475,-73.78648
47,71,40.845757,-73.89693
48,183206,40.762238,-73.98985
49,929,40.688515,-73.964935
5,15,40.55034,-74.189926
50,48410,40.766693,-73.9939
51,93,40.87406,-73.83042
52,3232,40.686604,-73.996925
53,34,40.781986,-73.84407
54,155,40.686993,-74.00309
55,42,40.5769,-73.99047
56,671,40.7416,-73.859055
57,4,40.752316,-73.853386
58,13,40.841476,-73.8207
59,2,40.83886,-73.893074
6,7,40.599064,-74.06777
60,57,40.831295,-73.889786
61,652,40.673843,-73.941284
62,135,40.66709,-73.94927
63,33,40.68481,-73.87768
64,30,40.76063,-73.73139
65,6020,40.695374,-73.98557
66,2222,40.701733,-73.98638
67,31,40.618454,-74.01473
68,146424,40.748398,-73.99994
69,221,40.83061,-73.91537
7,6728,40.761086,-73.92149
70,451,40.763947,-73.8684
71,108,40.64393,-73.93774
72,93,40.652462,-73.92021
73,11,40.753696,-73.80659
74,21389,40.805565,-73.93831
75,44127,40.79065,-73.944954
76,159,40.658688,-73.87842
77,41,40.6677,-73.89571
78,100,40.84603,-73.88664
79,159139,40.727943,-73.985214
8,53,40.778606,-73.9232
80,1440,40.71447,-73.94233
81,37,40.877357,-73.845535
82,1680,40.738464,-73.872345
83,339,40.740147,-73.88922
84,1,40.532017,-74.173935
85,72,40.647255,-73.95221
86,61,40.602554,-73.75419
87,39001,40.70666,-74.00781
88,20408,40.703392,-74.01131
89,387,40.640984,-73.96269
9,11,40.75441,-73.78802
90,105126,40.742546,-73.99678
91,66,40.62739,-73.93254
92,142,40.764126,-73.830444
93,2712,40.739235,-73.841896
94,49,40.85826,-73.90059
95,512,40.723465,-73.84822
96,4,40.695763,-73.876015
97,4307,40.690617,-73.97558
98,25,40.73384,-73.77955
99,3,40.579617,-74.187706
